supermarket_id,prefix,brand
colonial,COLONIAL,Colonial
colonial,MH,MH
colonial,KG,KG
colonial,PRONAGA,Pronaga
colonial,LA PERLA,La Perla
colonial,LA CATRACHITA,La Catrachita
colonial,LACATRACHITA,La Catrachita
colonial,CORTIJO,Cortijo
colonial,LA HOGAZA,La Hogaza
colonial,FROSTY,Frosty
colonial,SAY HOORAY,Say Hooray
colonial,SCOTCHB,Scotch-Brite
colonial,AMX,AMX
colonial,SNACKP,Snack Pack
colonial,AYUNI,Ayuni
colonial,DON CHIKI,Don Chiki
colonial,KINDERS,Kinder's
colonial,FOM,FOM
colonial,DEL CHEF,Del Chef
colonial,PAPA BETOS,Papa Beto's
colonial,CLEMENTE,Clemente Jacques
colonial,CLEMENTEJ,Clemente Jacques
colonial,HQD SUPER,HQD
colonial,HQD EOS,HQD
colonial,HQD,HQD
colonial,BETTYC,Betty Crocker
colonial,DON MAX,Don Max
colonial,LA TERNERA,La Ternera
colonial,DR. OVEJO,Dr. Ovejo
colonial,DICARNE,Dicarne
colonial,CASE SHOP,Case Shop
colonial,PAPIER,Papier
colonial,OSSION PBL,Ossion
colonial,HOJALMAR,Hojalmar
colonial,BUSHS,Bush's
colonial,MONTERREY,Monterrey
colonial,SUPERMAN,Superman
colonial,LENCHILA,Lenchila
colonial,SHINOLA,Shinola
colonial,ZAMBOS,Zambos
colonial,VERDES,Verdes
colonial,LA POPULAR,La Popular
colonial,TRIGALES,Trigales
colonial,DON GUAYO,Don Guayo
colonial,CAR-FREHNER,Car-Freshner
colonial,CISNE,Cisne
colonial,HYPLAST,Hyplast
colonial,DIPSA,Dipsa
colonial,GLADIATOR,Gladiator
colonial,ORO VERDE,Oro Verde
colonial,PEEPS,Peeps
colonial,GOLD CHICKEN,Gold Chicken
colonial,URUPAS,Urupas
colonial,HAWIT,Hawit
colonial,MEMBERS,Member's Selection
colonial,AMMERLANDER,Ammerländer
colonial,VALENTINA,Valentina
colonial,CHAYITO,Chayito
colonial,CRYSTALF,Crystal Farms
colonial,CRISTAL FARMS,Crystal Farms
colonial,CRISTALFARM,Crystal Farms
colonial,BARTON,Barton
colonial,KUUL,Kuul
colonial,BARBASOL,Barbasol
colonial,CARR'S,Carr's
colonial,REGGIA,Reggia
colonial,CHICK-FIL-A,Chick-fil-A
colonial,GUACAMAYA,Guacamaya
colonial,SAF INSTANT,Saf-Instant
colonial,RICE SELECT,RiceSelect
colonial,LA CORPENITA,La Corpenita
colonial,KERRYGOLD,Kerrygold
colonial,CITTERIO,Citterio
colonial,PICTSWEET,Pictsweet
colonial,CANADA DRY,Canada Dry
colonial,FRESCA,Fresca
colonial,ELITE,Elite
colonial,DURACEL,Duracell
colonial,GILLETE,Gillette
colonial,CARMEX,Carmex
colonial,A&H,Arm & Hammer
colonial,ARM&H,Arm & Hammer
colonial,SUN CHIPS,SunChips
colonial,NERDS,Nerds
colonial,GOLDFISH,Goldfish
colonial,BUTTERFINGER,Butterfinger
colonial,SPANGLER,Spangler
colonial,EMMI,Emmi
colonial,RANCHITAS,Ranchitas
colonial,DORADITAS,Doraditas
colonial,MUNCHIES,Munchies
colonial,SYSCO,Sysco
colonial,GARDETTOS,Gardetto's
colonial,LIFE SAVERS,Life Savers
colonial,KLONDIKE,Klondike
colonial,SLIM JIM,Slim Jim
colonial,SWANSDOWN,Swans Down
colonial,GOLDEN DIPT,Golden Dipt
colonial,ARGO,Argo
colonial,POMPEIAN,Pompeian
colonial,JIFFY,Jiffy
colonial,BOB RED MLL,Bob's Red Mill
colonial,KITKAT,KitKat
colonial,OTIS SPUNKMEYER,Otis Spunkmeyer
colonial,DIET SUNKIST,Sunkist
colonial,GOOD2 GROW,Good2Grow
colonial,BUDWEISER,Budweiser
colonial,BUDLIGHT,Bud Light
colonial,NASONVILLE,Nasonville
colonial,WHITE CASTLE,White Castle
colonial,THE LAUGHING,The Laughing Cow
colonial,LEA & PERRIN,Lea & Perrins
colonial,SICAFE,Sicafe
colonial,EL COPANECO,El Copaneco
colonial,BAKERY CLUB,Bakery Club
colonial,DUKES,Duke's
colonial,HUBBA,Hubba Bubba
colonial,GEISHA,Geisha
